Workbook

Sheet Ipoteze
A1: ANEXA B — PLAN DE AFACERI · Ipoteze (date de intrare)
A2: SC NAPSUGÁR TEJÜZEM SRL — fabrică de procesare lapte (exemplu fictiv)
A3: Capacitate procesare (litri/an)
A4: Preț mediu vânzare (lei/litru echiv.)
A5: Cost materie primă (lei/litru)
A6: Cheltuieli salariale (lei/an)
A7: Utilități (lei/an)
A8: Alte cheltuieli operaționale (lei/an)
A9: Amortizare anuală (lei/an)
A10: Cota impozit pe profit
C11: An 1 | D11: An 2 | E11: An 3 | F11: An 4 | G11: An 5
A12: Grad de utilizare capacitate

Sheet Venituri
A1: VENITURI (prognoză 5 ani)
A3: Element | C3: An 1 | D3: An 2 | E3: An 3 | F3: An 4 | G3: An 5
A4: Venituri din vânzări produse lactate | C4: =Ipoteze!$B$3*Ipoteze!C$12*Ipoteze!$B$4 | D4: =Ipoteze!$B$3*Ipoteze!D$12*Ipoteze!$B$4 | E4: =Ipoteze!$B$3*Ipoteze!E$12*Ipoteze!$B$4 | F4: =Ipoteze!$B$3*Ipoteze!F$12*Ipoteze!$B$4 | G4: =Ipoteze!$B$3*Ipoteze!G$12*Ipoteze!$B$4
A5: TOTAL VENITURI | C5: =SUM(C4:C4) | D5: =SUM(D4:D4) | E5: =SUM(E4:E4) | F5: =SUM(F4:F4) | G5: =SUM(G4:G4)

Sheet Cheltuieli
A1: CHELTUIELI (prognoză 5 ani)
A3: Element | C3: An 1 | D3: An 2 | E3: An 3 | F3: An 4 | G3: An 5
A4: Materie primă (lapte) | C4: =Ipoteze!$B$3*Ipoteze!C$12*Ipoteze!$B$5 | D4: =Ipoteze!$B$3*Ipoteze!D$12*Ipoteze!$B$5 | E4: =Ipoteze!$B$3*Ipoteze!E$12*Ipoteze!$B$5 | F4: =Ipoteze!$B$3*Ipoteze!F$12*Ipoteze!$B$5 | G4: =Ipoteze!$B$3*Ipoteze!G$12*Ipoteze!$B$5
A5: Cheltuieli salariale | C5: =Ipoteze!$B$6 | D5: =Ipoteze!$B$6 | E5: =Ipoteze!$B$6 | F5: =Ipoteze!$B$6 | G5: =Ipoteze!$B$6
A6: Utilități | C6: =Ipoteze!$B$7 | D6: =Ipoteze!$B$7 | E6: =Ipoteze!$B$7 | F6: =Ipoteze!$B$7 | G6: =Ipoteze!$B$7
A7: Alte cheltuieli operaționale | C7: =Ipoteze!$B$8 | D7: =Ipoteze!$B$8 | E7: =Ipoteze!$B$8 | F7: =Ipoteze!$B$8 | G7: =Ipoteze!$B$8
A8: Amortizare | C8: =Ipoteze!$B$9 | D8: =Ipoteze!$B$9 | E8: =Ipoteze!$B$9 | F8: =Ipoteze!$B$9 | G8: =Ipoteze!$B$9
A9: TOTAL CHELTUIELI | C9: =SUM(C4:C8) | D9: =SUM(D4:D8) | E9: =SUM(E4:E8) | F9: =SUM(F4:F8) | G9: =SUM(G4:G8)

Sheet CPP
A1: CONTUL DE PROFIT ȘI PIERDERE (prognoză 5 ani)
A3: Indicator | C3: An 1 | D3: An 2 | E3: An 3 | F3: An 4 | G3: An 5
A4: Venituri totale | C4: =Venituri!C5 | D4: =Venituri!D5 | E4: =Venituri!E5 | F4: =Venituri!F5 | G4: =Venituri!G5
A5: Cheltuieli totale | C5: =Cheltuieli!C9 | D5: =Cheltuieli!D9 | E5: =Cheltuieli!E9 | F5: =Cheltuieli!F9 | G5: =Cheltuieli!G9
A6: Profit brut | C6: =C4-C5 | D6: =D4-D5 | E6: =E4-E5 | F6: =F4-F5 | G6: =G4-G5
A7: Impozit pe profit | C7: =MAX(0,C6)*Ipoteze!$B$10 | D7: =MAX(0,D6)*Ipoteze!$B$10 | E7: =MAX(0,E6)*Ipoteze!$B$10 | F7: =MAX(0,F6)*Ipoteze!$B$10 | G7: =MAX(0,G6)*Ipoteze!$B$10
A8: Profit net | C8: =C6-C7 | D8: =D6-D7 | E8: =E6-E7 | F8: =F6-F7 | G8: =G6-G7

Sheet Indicatori
A1: INDICATORI
A3: Indicator | B3: Valoare
A4: Marjă netă An 5 | B4: =CPP!G8/CPP!G4
A5: Profit net cumulat 5 ani | B5: =SUM(CPP!C8:G8)
A6: Venituri cumulate 5 ani | B6: =SUM(CPP!C4:G4)
