Workbook

Sheet 1_DG
A1: DEVIZ GENERAL
A2: privind cheltuielile necesare realizării obiectivului de investiții:
A3: ='0_IG'!B3
A6: Nr. crt. | B6: Denumirea capitolelor și subcapitolelor de cheltuieli | C6: Valoare fără TVA (lei) | D6: TVA (lei) | E6: Valoare cu TVA (lei) | F6: Eligibil (lei) | G6: Neeligibil (lei)
A7: CAPITOLUL 1 | B7: Cheltuieli pentru obținerea și amenajarea terenului
A8: 1.2 | B8: Amenajarea terenului | D8: =ROUND(C8*'0_IG'!$B$9,2) | E8: =ROUND(C8+D8,2) | F8: =C8 | G8: =ROUND(C8-F8,2)
A9: 1.3 | B9: Amenajări pentru protecția mediului | D9: =ROUND(C9*'0_IG'!$B$9,2) | E9: =ROUND(C9+D9,2) | F9: =C9 | G9: =ROUND(C9-F9,2)
B10: Total capitol 1 | C10: =SUM(C8:C9) | D10: =SUM(D8:D9) | E10: =SUM(E8:E9) | F10: =SUM(F8:F9) | G10: =SUM(G8:G9)
A11: CAPITOLUL 2 | B11: Cheltuieli pentru asigurarea utilităților
A12: 2.1 | B12: Asigurarea utilităților necesare obiectivului | D12: =ROUND(C12*'0_IG'!$B$9,2) | E12: =ROUND(C12+D12,2) | F12: =C12 | G12: =ROUND(C12-F12,2)
B13: Total capitol 2 | C13: =SUM(C12:C12) | D13: =SUM(D12:D12) | E13: =SUM(E12:E12) | F13: =SUM(F12:F12) | G13: =SUM(G12:G12)
A14: CAPITOLUL 3 | B14: Cheltuieli pentru proiectare și asistență tehnică
A15: 3.1 | B15: Studii (de teren, de fezabilitate) | D15: =ROUND(C15*'0_IG'!$B$9,2) | E15: =ROUND(C15+D15,2) | F15: =C15 | G15: =ROUND(C15-F15,2)
A16: 3.5 | B16: Proiectare (PT + detalii de execuție) | D16: =ROUND(C16*'0_IG'!$B$9,2) | E16: =ROUND(C16+D16,2) | F16: =C16 | G16: =ROUND(C16-F16,2)
A17: 3.7 | B17: Consultanță (management proiect + audit) | D17: =ROUND(C17*'0_IG'!$B$9,2) | E17: =ROUND(C17+D17,2) | F17: =C17 | G17: =ROUND(C17-F17,2)
B18: Total capitol 3 | C18: =SUM(C15:C17) | D18: =SUM(D15:D17) | E18: =SUM(E15:E17) | F18: =SUM(F15:F17) | G18: =SUM(G15:G17)
A19: CAPITOLUL 4 | B19: Cheltuieli pentru investiția de bază
A20: 4.1 | B20: Construcții și instalații | C20: ='5_DO1'!C17 | D20: =ROUND(C20*'0_IG'!$B$9,2) | E20: =ROUND(C20+D20,2) | F20: =C20 | G20: =ROUND(C20-F20,2)
A21: 4.2 | B21: Montaj utilaje, echipamente | C21: ='5_DO1'!C19 | D21: =ROUND(C21*'0_IG'!$B$9,2) | E21: =ROUND(C21+D21,2) | F21: =C21 | G21: =ROUND(C21-F21,2)
A22: 4.3 | B22: Utilaje, echipamente tehnologice (cu montaj) | C22: ='5_DO1'!C20 | D22: =ROUND(C22*'0_IG'!$B$9,2) | E22: =ROUND(C22+D22,2) | F22: =C22 | G22: =ROUND(C22-F22,2)
A23: 4.5 | B23: Dotări | C23: ='5_DO1'!C21 | D23: =ROUND(C23*'0_IG'!$B$9,2) | E23: =ROUND(C23+D23,2) | F23: =C23 | G23: =ROUND(C23-F23,2)
A24: 4.6 | B24: Active necorporale | D24: =ROUND(C24*'0_IG'!$B$9,2) | E24: =ROUND(C24+D24,2) | F24: =C24 | G24: =ROUND(C24-F24,2)
B25: Total capitol 4 | C25: =SUM(C20:C24) | D25: =SUM(D20:D24) | E25: =SUM(E20:E24) | F25: =SUM(F20:F24) | G25: =SUM(G20:G24)
A26: CAPITOLUL 5 | B26: Alte cheltuieli
A27: 5.1 | B27: Organizare de șantier | D27: =ROUND(C27*'0_IG'!$B$9,2) | E27: =ROUND(C27+D27,2) | F27: =C27 | G27: =ROUND(C27-F27,2)
A28: 5.2 | B28: Comisioane, cote, taxe, costul creditului | D28: =ROUND(C28*'0_IG'!$B$9,2) | E28: =ROUND(C28+D28,2) | F28: 0 | G28: =ROUND(C28-F28,2)
A29: 5.3 | B29: Cheltuieli diverse și neprevăzute | D29: =ROUND(C29*'0_IG'!$B$9,2) | E29: =ROUND(C29+D29,2) | F29: =C29 | G29: =ROUND(C29-F29,2)
A30: 5.4 | B30: Cheltuieli pentru informare și publicitate | D30: =ROUND(C30*'0_IG'!$B$9,2) | E30: =ROUND(C30+D30,2) | F30: =C30 | G30: =ROUND(C30-F30,2)
B31: Total capitol 5 | C31: =SUM(C27:C30) | D31: =SUM(D27:D30) | E31: =SUM(E27:E30) | F31: =SUM(F27:F30) | G31: =SUM(G27:G30)
A32: CAPITOLUL 6 | B32: Cheltuieli pentru probe tehnologice și teste
A33: 6.2 | B33: Probe tehnologice și teste | D33: =ROUND(C33*'0_IG'!$B$9,2) | E33: =ROUND(C33+D33,2) | F33: =C33 | G33: =ROUND(C33-F33,2)
B34: Total capitol 6 | C34: =SUM(C33:C33) | D34: =SUM(D33:D33) | E34: =SUM(E33:E33) | F34: =SUM(F33:F33) | G34: =SUM(G33:G33)
A35: CAPITOLUL 7 | B35: Alte cheltuieli (audit)
A36: 7.1 | B36: Auditul proiectului | D36: =ROUND(C36*'0_IG'!$B$9,2) | E36: =ROUND(C36+D36,2) | F36: =C36 | G36: =ROUND(C36-F36,2)
B37: Total capitol 7 | C37: =SUM(C36:C36) | D37: =SUM(D36:D36) | E37: =SUM(E36:E36) | F37: =SUM(F36:F36) | G37: =SUM(G36:G36)
B38: TOTAL GENERAL | C38: =C10+C13+C18+C25+C31+C34+C37 | D38: =D10+D13+D18+D25+D31+D34+D37 | E38: =E10+E13+E18+E25+E31+E34+E37 | F38: =F10+F13+F18+F25+F31+F34+F37 | G38: =G10+G13+G18+G25+G31+G34+G37
B39: din care C + M (construcții + montaj) | C39: =C8+C9+C12+C20+C21+C27

Sheet 0_IG
A1: INFORMAȚII GENERALE PROIECT
A3: Denumire obiectiv:
A4: Beneficiar:
A5: Proiectant:
A6: CUI:
A7: Localitate:
A8: Data:
A9: Cota TVA: | B9: 0.19
A10: Curs EUR (lei): | B10: 4.97

Sheet 5_DO1
A1: DEVIZUL OBIECTULUI (DO1) — Construcții, montaj, utilaje, dotări
A3: Nr. / cod | B3: Obiect / Categorie de lucrări | C3: Valoare fără TVA (lei)
A4: 4.1.1 | B4: Hala de procesare lapte | C4: =SUM(C5:C7)
A5: 4.1.1.1 | B5: Rezistență
A6: 4.1.1.2 | B6: Arhitectură
A7: 4.1.1.3 | B7: Instalații
A8: 4.1.2 | B8: Depozit frigorific | C8: =SUM(C9:C11)
A9: 4.1.2.1 | B9: Rezistență
A10: 4.1.2.2 | B10: Arhitectură
A11: 4.1.2.3 | B11: Instalații
A12: 4.1.3 | B12: Centrală termică | C12: =SUM(C13:C14)
A13: 4.1.3.1 | B13: Construcții
A14: 4.1.3.2 | B14: Instalații
A15: 4.1.4 | B15: Amenajări exterioare | C15: =SUM(C16:C16)
A16: 4.1.4.1 | B16: Alei și platforme
B17: TOTAL Construcții și instalații (cap. 4.1) | C17: =C4+C8+C12+C15
A19: 4.2 | B19: Montaj utilaje, echipamente
A20: 4.3 | B20: Utilaje, echipamente tehnologice (cu montaj)
A21: 4.5 | B21: Dotări
